{
  "images" : [
    {
      "filename" : "1ee3d263-9bc8-44bd-a305-43685edfd587.png copy-32x32 2.png",
      "idiom" : "mac",
      "scale" : "1x",
      "size" : "16x16"
    },
    {
      "filename" : "1ee3d263-9bc8-44bd-a305-43685edfd587.png copy-32x32 1.png",
      "idiom" : "mac",
      "scale" : "2x",
      "size" : "16x16"
    },
    {
      "filename" : "1ee3d263-9bc8-44bd-a305-43685edfd587.png copy-32x32.png",
      "idiom" : "mac",
      "scale" : "1x",
      "size" : "32x32"
    },
    {
      "filename" : "1ee3d263-9bc8-44bd-a305-43685edfd587.png copy-64x64.png",
      "idiom" : "mac",
      "scale" : "2x",
      "size" : "32x32"
    },
    {
      "filename" : "1ee3d263-9bc8-44bd-a305-43685edfd587.png copy-128x128 1.png",
      "idiom" : "mac",
      "scale" : "1x",
      "size" : "128x128"
    },
    {
      "filename" : "1ee3d263-9bc8-44bd-a305-43685edfd587.png copy-256x256 1.png",
      "idiom" : "mac",
      "scale" : "2x",
      "size" : "128x128"
    },
    {
      "filename" : "1ee3d263-9bc8-44bd-a305-43685edfd587.png copy-256x256.png",
      "idiom" : "mac",
      "scale" : "1x",
      "size" : "256x256"
    },
    {
      "filename" : "1ee3d263-9bc8-44bd-a305-43685edfd587.png copy-512x512.png",
      "idiom" : "mac",
      "scale" : "2x",
      "size" : "256x256"
    },
    {
      "idiom" : "mac",
      "scale" : "1x",
      "size" : "512x512"
    },
    {
      "idiom" : "mac",
      "scale" : "2x",
      "size" : "512x512"
    }
  ],
  "info" : {
    "author" : "xcode",
    "version" : 1
  }
}
